NAICS_data_01.csv,line 1
NAICS_data_01.csv,line 2
NAICS_data_01.csv,line 3
NAICS_data_01.csv,line 4
NAICS_data_01.csv,line 5
NAICS_data_02.csv,line 1
NAICS_data_02.csv,line 2
NAICS_data_02.csv,line 3
NAICS_data_02.csv,line 4
NAICS_data_02.csv,line 5
NAICS_data_03.csv,line 1
NAICS_data_03.csv,line 2
NAICS_data_03.csv,line 3
NAICS_data_03.csv,line 4
NAICS_data_03.csv,line 5
NAICS_data_04.csv,line 1
NAICS_data_04.csv,line 2
NAICS_data_04.csv,line 3
NAICS_data_04.csv,line 4
NAICS_data_04.csv,line 5
NAICS_data_05.csv,line 1
NAICS_data_05.csv,line 2
NAICS_data_05.csv,line 3
NAICS_data_05.csv,line 4
NAICS_data_05.csv,line 5
NAICS_data_06.csv,line 1
NAICS_data_06.csv,line 2
NAICS_data_06.csv,line 3
NAICS_data_06.csv,line 4
NAICS_data_06.csv,line 5
NAICS_data_07.csv,line 1
NAICS_data_07.csv,line 2
NAICS_data_07.csv,line 3
NAICS_data_07.csv,line 4
NAICS_data_07.csv,line 5
NAICS_data_08.csv,line 1
NAICS_data_08.csv,line 2
NAICS_data_08.csv,line 3
NAICS_data_08.csv,line 4
NAICS_data_08.csv,line 5
NAICS_data_09.csv,line 1
NAICS_data_09.csv,line 2
NAICS_data_09.csv,line 3
NAICS_data_09.csv,line 4
NAICS_data_09.csv,line 5
NAICS_data_10.csv,line 1
NAICS_data_10.csv,line 2
NAICS_data_10.csv,line 3
NAICS_data_10.csv,line 4
NAICS_data_10.csv,line 5
